id|uri|siglaTipo|codTipo|numero|ano|ementa|dataApresentacao|uriOrgaoNumerador|statusProposicao|uriAutores|descricaoTipo|ementaDetalhada|keywords|uriPropPrincipal|uriPropAnterior|uriPropPosterior|urlInteiroTeor|urnFinal|texto|justificativa
2344814|https://dadosabertos.camara.leg.br/api/v2/proposicoes/2344814|PL|139|2930|2022|Altera a Lei nº 12.300, de 28 de julho de 2010, para reajustar as Tabelas de Vencimentos Básicos dos Servidores Ocupantes de Cargo Efetivo do Quadro de Pessoal do Senado Federal.|2022-12-20T15:42|https://dadosabertos.camara.leg.br/api/v2/orgaos/180|"{'dataHora': '2023-02-08T15:32', 'sequencia': 43, 'siglaOrgao': 'MESA', 'uriOrgao': 'https://dadosabertos.camara.leg.br/api/v2/orgaos/4', 'uriUltimoRelator': 'https://dadosabertos.camara.leg.br/api/v2/deputados/178884', 'regime': 'Urgência (Art. 155, RICD)', 'descricaoTramitacao': 'Apresentação de Proposição', 'codTipoTramitacao': '100', 'descricaoSituacao': 'Transformado em Norma Jurídica', 'codSituacao': 1140, 'despacho': 'Apresentação da Mensagem n. 2930/2022, pelo Poder Executivo, que ""Comunica o Excelentíssimo Senhor Presidente da República a sanção do projeto de lei que “ Altera a Lei nº 12.300, de 28 de julho de 2010, para reajustar as Tabelas de Vencimentos Básicos dos Servidores Ocupantes de Cargo Efetivo do Quadro de Pessoal do Senado Federal.   ” restitui para o arquivo do Congresso Nacional, dois autógrafos do texto ora convertido na Lei n° 14.526,  de 9   de janeiro   de 2023."".', 'url': 'https://www.camara.leg.br/proposicoesWeb/prop_mostrarintegra?codteor=2234935', 'ambito': 'Regimental', 'apreciacao': 'Proposição Sujeita à Apreciação do Plenário'}"|https://dadosabertos.camara.leg.br/api/v2/proposicoes/2344814/autores|Projeto de Lei||Reajuste, tabela, Vencimento básico, servidor público, ocupante de cargo, cargo efetivo, quadro de pessoal, Senado Federal.||||https://www.camara.leg.br/proposicoesWeb/prop_mostrarintegra?codteor=2227090|||
2344815|https://dadosabertos.camara.leg.br/api/v2/proposicoes/2344815|PL|139|3039|2022|Altera o art. 151 da Lei nº 8.213, de 24 de julho de 1991, para incluir o lúpus e a epilepsia entre as doenças que permitem a concessão, sem período de carência, de auxílio por incapacidade temporária e aposentadoria por incapacidade permanente.|2022-12-20T16:43||{'dataHora': '2023-02-02T00:00', 'sequencia': 14, 'siglaOrgao': 'CCP', 'uriOrgao': 'https://dadosabertos.camara.leg.br/api/v2/orgaos/186', 'uriUltimoRelator': None, 'regime': 'Prioridade (Art. 151, II, RICD)', 'descricaoTramitacao': 'Publicação de Proposição', 'codTipoTramitacao': '604', 'descricaoSituacao': 'Aguardando Designação de Relator', 'codSituacao': 907, 'despacho': 'Encaminhada à publicação. Publicação Inicial em avulso e no DCD de 03/02/2023.', 'url': None, 'ambito': 'Regimental', 'apreciacao': 'Proposição Sujeita à Apreciação do Plenário'}|https://dadosabertos.camara.leg.br/api/v2/proposicoes/2344815/autores|Projeto de Lei||Alteração, Lei de Benefícios da Previdência Social, inclusão, Lúpus eritematoso sistêmico, Epilepsia, doença, ausência, exigência, período de carência, concessão, auxílio-doença, aposentadoria por invalidez, segurado, Regime Geral de Previdência Social (RGPS).|https://dadosabertos.camara.leg.br/api/v2/proposicoes/2194831|||https://www.camara.leg.br/proposicoesWeb/prop_mostrarintegra?codteor=2227118|||
2344820|https://dadosabertos.camara.leg.br/api/v2/proposicoes/2344820|PL|139|3040|2022|Aumenta a pena do crime de registro não autorizado de intimidade sexual, no artigo 216-B, previsto no Decreto-Lei nº 2.848, de 07 de dezembro de 1940 (Código Penal).|2022-12-20T17:07||{'dataHora': '2023-03-23T14:48', 'sequencia': 15, 'siglaOrgao': 'CCJC', 'uriOrgao': 'https://dadosabertos.camara.leg.br/api/v2/orgaos/2003', 'uriUltimoRelator': None, 'regime': 'Ordinário (Art. 151, III, RICD)', 'descricaoTramitacao': 'Apensação', 'codTipoTramitacao': '106', 'descricaoSituacao': 'Tramitando em Conjunto', 'codSituacao': 925, 'despacho': 'Apensação desta proposição ao PL 9717/2018.', 'url': None, 'ambito': 'Protocolar', 'apreciacao': 'Proposição Sujeita à Apreciação do Plenário'}|https://dadosabertos.camara.leg.br/api/v2/proposicoes/2344820/autores|Projeto de Lei||Alteração, Código Penal, aumento da pena, crime, Registro não autorizado da intimidade sexual, produção, fotografia, filmagem, registro, cena de sexo, ato libidinoso, nudez, ausência, autorização, partícipe.|https://dadosabertos.camara.leg.br/api/v2/proposicoes/2168913|||https://www.camara.leg.br/proposicoesWeb/prop_mostrarintegra?codteor=2227135|||
2344821|https://dadosabertos.camara.leg.br/api/v2/proposicoes/2344821|PL|139|3041|2022|Dispõe sobre o direito de o consumidor de telecomunicações cancelar o contrato de prestação de serviço, vedando às operadoras o condicionamento de adimplemento.|2022-12-20T17:08||{'dataHora': '2023-03-15T00:00', 'sequencia': 13, 'siglaOrgao': 'CCP', 'uriOrgao': 'https://dadosabertos.camara.leg.br/api/v2/orgaos/186', 'uriUltimoRelator': None, 'regime': 'Prioridade (Art. 151, II, RICD)', 'descricaoTramitacao': 'Publicação de Proposição', 'codTipoTramitacao': '604', 'descricaoSituacao': 'Tramitando em Conjunto', 'codSituacao': 925, 'despacho': 'Encaminhada à publicação. Publicação Inicial em avulso e no DCD de 16/03/2023.', 'url': None, 'ambito': 'Regimental', 'apreciacao': 'Proposição Sujeita à Apreciação do Plenário'}|https://dadosabertos.camara.leg.br/api/v2/proposicoes/2344821/autores|Projeto de Lei||Alteração, Lei Geral de Telecomunicações, direitos, consumidor, serviços de telecomunicações, cancelamento, contrato, prestação de serviços, ausência, condicionamento, adimplemento, saldo devedor.|https://dadosabertos.camara.leg.br/api/v2/proposicoes/2238116|||https://www.camara.leg.br/proposicoesWeb/prop_mostrarintegra?codteor=2227137|||
2344823|https://dadosabertos.camara.leg.br/api/v2/proposicoes/2344823|PL|139|3042|2022|Altera a Lei 10.891, de 9 de julho de 2004, que institui a Bolsa-Atleta, para dispor sobre a prorrogação dos prazos de vigência do benefício nos casos de maternidade e adoção.|2022-12-20T17:08|https://dadosabertos.camara.leg.br/api/v2/orgaos/537870|{'dataHora': '2023-03-27T00:00', 'sequencia': 16, 'siglaOrgao': 'CMULHER', 'uriOrgao': 'https://dadosabertos.camara.leg.br/api/v2/orgaos/537870', 'uriUltimoRelator': 'https://dadosabertos.camara.leg.br/api/v2/deputados/204407', 'regime': 'Ordinário (Art. 151, III, RICD)', 'descricaoTramitacao': 'Abertura de Prazo', 'codTipoTramitacao': '350', 'descricaoSituacao': 'Aguardando Parecer', 'codSituacao': 915, 'despacho': 'Prazo para Emendas ao Projeto (5 sessões a partir de 28/03/2023)', 'url': None, 'ambito': 'Regimental', 'apreciacao': 'Proposição Sujeita à Apreciação Conclusiva pelas Comissões - Art. 24 II'}|https://dadosabertos.camara.leg.br/api/v2/proposicoes/2344823/autores|Projeto de Lei||Alteração, Lei da Bolsa-Atleta, prorrogação, prazo, vigência, Bolsa-Atleta, ocorrência, parto, adoção, obtenção, guarda judicial. _Proibição, suspensão, pagamento, bolsa-atleta, período, afastamento, decorrência, maternidade, adoção.||||https://www.camara.leg.br/proposicoesWeb/prop_mostrarintegra?codteor=2227140|||
2344834|https://dadosabertos.camara.leg.br/api/v2/proposicoes/2344834|PL|139|3043|2022|Altera a Lei 11.096, de 13 de janeiro de 2005, para dispor sobre o regramento da concessão de bolsas de estudos pelas Entidades Beneficentes de Assistência Social que aderiram ao PROUNI.|2022-12-20T18:01||{'dataHora': '2023-02-02T00:00', 'sequencia': 14, 'siglaOrgao': 'CCP', 'uriOrgao': 'https://dadosabertos.camara.leg.br/api/v2/orgaos/186', 'uriUltimoRelator': None, 'regime': 'Ordinário (Art. 151, III, RICD)', 'descricaoTramitacao': 'Publicação de Proposição', 'codTipoTramitacao': '604', 'descricaoSituacao': 'Aguardando Designação de Relator', 'codSituacao': 907, 'despacho': 'Encaminhada à publicação. Publicação Inicial em avulso e no DCD de 03/02/2023.', 'url': None, 'ambito': 'Regimental', 'apreciacao': 'Proposição Sujeita à Apreciação Conclusiva pelas Comissões - Art. 24 II'}|https://dadosabertos.camara.leg.br/api/v2/proposicoes/2344834/autores|Projeto de Lei||Alteração, Lei do Programa Universidade para Todos, regulação, concessão, bolsa de estudo, entidade beneficente, atuação, educação superior, adesão, Programa Universidade para Todos (ProUni), finalidade, obtenção, renovação, Certificado de Entidade Beneficente de Assistência Social (Cebas).||||https://www.camara.leg.br/proposicoesWeb/prop_mostrarintegra?codteor=2227247|||
2344836|https://dadosabertos.camara.leg.br/api/v2/proposicoes/2344836|PL|139|3044|2022|Dispõe sobre a isenção e a dispensa na apresentação da Declaração de Ajuste Anual do Imposto de Renda para os Agentes Comunitários de Saúde e Agentes de Combate as Endemias.|2022-12-20T18:11|https://dadosabertos.camara.leg.br/api/v2/orgaos/4|{'dataHora': '2023-03-28T09:27', 'sequencia': 16, 'siglaOrgao': 'CSAUDE', 'uriOrgao': 'https://dadosabertos.camara.leg.br/api/v2/orgaos/2014', 'uriUltimoRelator': None, 'regime': 'Ordinário (Art. 151, III, RICD)', 'descricaoTramitacao': 'Recebimento', 'codTipoTramitacao': '500', 'descricaoSituacao': 'Aguardando Designação de Relator', 'codSituacao': 907, 'despacho': 'Recebimento pela CSAUDE.', 'url': None, 'ambito': 'Regimental', 'apreciacao': 'Proposição Sujeita à Apreciação Conclusiva pelas Comissões - Art. 24 II'}|https://dadosabertos.camara.leg.br/api/v2/proposicoes/2344836/autores|Projeto de Lei||Concessão, isenção tributária, Imposto sobre a Renda da Pessoa Física (IRPF), Agente comunitário de saúde, Agente de combate às endemias, tributação, benefício fiscal.||||https://www.camara.leg.br/proposicoesWeb/prop_mostrarintegra?codteor=2227249|||
2344896|https://dadosabertos.camara.leg.br/api/v2/proposicoes/2344896|PL|139|3046|2022|Altera a Lei nº 12.965, de 23 de abril de 2014 (Marco Civil da Internet), para disciplinar o procedimento relativo ao bloqueio de contas de membros do Congresso Nacional nas redes sociais da Internet.|2022-12-20T20:35||{'dataHora': '2023-03-28T10:18', 'sequencia': 14, 'siglaOrgao': 'CCOM', 'uriOrgao': 'https://dadosabertos.camara.leg.br/api/v2/orgaos/539385', 'uriUltimoRelator': None, 'regime': 'Ordinário (Art. 151, III, RICD)', 'descricaoTramitacao': 'Recebimento', 'codTipoTramitacao': '500', 'descricaoSituacao': 'Aguardando Designação de Relator', 'codSituacao': 907, 'despacho': 'Recebimento pela CCOM.', 'url': None, 'ambito': 'Regimental', 'apreciacao': 'Proposição Sujeita à Apreciação Conclusiva pelas Comissões - Art. 24 II'}|https://dadosabertos.camara.leg.br/api/v2/proposicoes/2344896/autores|Projeto de Lei||Alteração, Marco Civil da Internet, definição, Rede social, Provedor de aplicação de mensagem instantânea, serviço de chamada, chamada de voz, videochamada. _disciplinamento, procedimento, bloqueio, conta de usuário, membro, Congresso Nacional, rede social, internet.||||https://www.camara.leg.br/proposicoesWeb/prop_mostrarintegra?codteor=2227370|||
2344900|https://dadosabertos.camara.leg.br/api/v2/proposicoes/2344900|PL|139|2076|2022|Institui o Dia Nacional da Proteção de Dados.|2022-12-20T20:50|https://dadosabertos.camara.leg.br/api/v2/orgaos/539385|{'dataHora': '2023-03-30T00:00', 'sequencia': 23, 'siglaOrgao': 'CCOM', 'uriOrgao': 'https://dadosabertos.camara.leg.br/api/v2/orgaos/539385', 'uriUltimoRelator': 'https://dadosabertos.camara.leg.br/api/v2/deputados/220534', 'regime': 'Prioridade (Art. 151, II, RICD)', 'descricaoTramitacao': 'Designação de Relator', 'codTipoTramitacao': '320', 'descricaoSituacao': 'Aguardando Parecer', 'codSituacao': 915, 'despacho': 'Designado Relator, Dep. Fred Linhares (REPUBLIC-DF)', 'url': None, 'ambito': 'Regimental', 'apreciacao': 'Proposição Sujeita à Apreciação Conclusiva pelas Comissões - Art. 24 II'}|https://dadosabertos.camara.leg.br/api/v2/proposicoes/2344900/autores|Projeto de Lei||Criação, Dia Nacional da Proteção de Dados, comemoração, julho.||||https://www.camara.leg.br/proposicoesWeb/prop_mostrarintegra?codteor=2227376|||
2344901|https://dadosabertos.camara.leg.br/api/v2/proposicoes/2344901|PL|139|3047|2022|Altera a Lei nº 12.305, de 2 de agosto de 2010, que institui a Política Nacional de Resíduos Sólidos, para incentivar projetos de aproveitamento energético de resíduos sólidos.|2022-12-20T20:54||{'dataHora': '2023-02-28T09:54', 'sequencia': 16, 'siglaOrgao': 'CMADS', 'uriOrgao': 'https://dadosabertos.camara.leg.br/api/v2/orgaos/6174', 'uriUltimoRelator': None, 'regime': 'Prioridade (Art. 151, II, RICD)', 'descricaoTramitacao': 'Apensação', 'codTipoTramitacao': '106', 'descricaoSituacao': 'Tramitando em Conjunto', 'codSituacao': 925, 'despacho': 'Apensação desta proposição ao PL 639/2015.', 'url': None, 'ambito': 'Protocolar', 'apreciacao': 'Proposição Sujeita à Apreciação Conclusiva pelas Comissões - Art. 24 II'}|https://dadosabertos.camara.leg.br/api/v2/proposicoes/2344901/autores|Projeto de Lei||Alteração, Lei de resíduos sólidos, Poder público, concessão, incentivo fiscal, incentivo financeiro, benefício creditício, projeto (administração), aproveitamento energético, resíduo sólido.|https://dadosabertos.camara.leg.br/api/v2/proposicoes/994619|||https://www.camara.leg.br/proposicoesWeb/prop_mostrarintegra?codteor=2227377|||
2344905|https://dadosabertos.camara.leg.br/api/v2/proposicoes/2344905|PL|139|3048|2022|Institui a Política de Desenvolvimento Sustentável da Caatinga e altera a Lei nº 7.797, de 10 de julho de 1989, que cria o Fundo Nacional do Meio Ambiente, para incluir a Caatinga entre os biomas que terão acesso prioritário aos recursos financeiros, e a Lei nº 12.651, de 25 de maio de 2012, que dispõe sobre a proteção da vegetação nativa, para tornar mais restritiva a permissão de supressão de vegetação nativa.|2022-12-20T20:59|https://dadosabertos.camara.leg.br/api/v2/orgaos/4|"{'dataHora': '2023-03-28T00:00', 'sequencia': 19, 'siglaOrgao': 'MESA', 'uriOrgao': 'https://dadosabertos.camara.leg.br/api/v2/orgaos/4', 'uriUltimoRelator': None, 'regime': 'Prioridade (Art. 151, II, RICD)', 'descricaoTramitacao': 'Notificação de Despacho', 'codTipoTramitacao': '203', 'descricaoSituacao': 'Tramitando em Conjunto', 'codSituacao': 925, 'despacho': 'Despacho exarado no Requerimento n. 373/2023, conforme o seguinte teor: ""Não conheço do Requerimento n. 373/2022, tendo em vista que o Projeto de Lei n. 3.048/2022 está apensado ao Projeto de Lei n. 4.623/2019, cuja distribuição já contempla a Comissão de Meio Ambiente e Desenvolvimento Sustentável. Publique-se"".', 'url': 'https://www.camara.leg.br/proposicoesWeb/prop_mostrarintegra?codteor=2251459', 'ambito': 'Regimental', 'apreciacao': 'Proposição Sujeita à Apreciação Conclusiva pelas Comissões - Art. 24 II'}"|https://dadosabertos.camara.leg.br/api/v2/proposicoes/2344905/autores|Projeto de Lei||Criação, Política de Desenvolvimento Sustentável da Caatinga, intenção, preservação, meio ambiente, erradicação, pobreza, redução, desigualdade social, justiça social. _Abrangência, bioma, caatinga. _Princípios, finalidade, Política de Desenvolvimento Sustentável da Caatinga. _Atuação, articulação, Ente federado, Organização não governamental (ONG), entidade privada. _Capacitação, recursos humanos, atividade, pesquisa e desenvolvimento, inovação. _Fomento, atividade agropecuária, projeto agroflorestal, exploração sustentável, Sistema agroflorestal (SAF)S, Sistema de produção agrossilvipastoril. _Programa (administração), Conservação ambiental, proteção, Diversidade biológica. _Política pública, combate, desertificação, adaptação, mudança climática, saneamento ambiental, gestão, integração, área urbana, área rural. _Corte, supressão, vegetação, bioma, caatinga. _ Exploração, Espécie nativa, consumo, pequena propriedade rural. _Atividade, mineração, caatinga. _Poder público, implantação, Programa de Extrativismo Sustentável, Programa de Ecoturismo da Caatinga, banco de dados, bioma, Caatinga. _Benefício, posseiro, proprietário rural, comprometimento, proteção, recuperação, bioma, caatinga. _Alteração, Lei do Fundo Nacional do Meio Ambiente, prioridade, projeto (administração), atuação, Amazônia Legal, Pantanal Mato-Grossense, Caatinga. _Alteração, Código Florestal (2012), proibição, conversão, vegetação primária, uso alternativo do solo, imóvel rural, situação.|https://dadosabertos.camara.leg.br/api/v2/proposicoes/2216597|||https://www.camara.leg.br/proposicoesWeb/prop_mostrarintegra?codteor=2227385|||
2344909|https://dadosabertos.camara.leg.br/api/v2/proposicoes/2344909|PL|139|2757|2022|Altera a Lei nº 11.952, de 25 de junho de 2009, para determinar a extinção das cláusulas resolutivas constantes de títulos de domínio expedidos anteriormente a 10 de outubro de 1997.|2022-12-20T21:10||{'dataHora': '2023-03-17T15:00', 'sequencia': 24, 'siglaOrgao': 'CPOVOS', 'uriOrgao': 'https://dadosabertos.camara.leg.br/api/v2/orgaos/539384', 'uriUltimoRelator': None, 'regime': 'Prioridade (Art. 151, II, RICD)', 'descricaoTramitacao': 'Recebimento', 'codTipoTramitacao': '500', 'descricaoSituacao': 'Aguardando Designação de Relator', 'codSituacao': 907, 'despacho': 'Recebimento pela CPOVOS.', 'url': None, 'ambito': 'Regimental', 'apreciacao': 'Proposição Sujeita à Apreciação Conclusiva pelas Comissões - Art. 24 II'}|https://dadosabertos.camara.leg.br/api/v2/proposicoes/2344909/autores|Projeto de Lei||Alteração, Lei Federal, extinção, condição resolutiva, título de propriedade, área pública, Instituto Nacional de Colonização e Reforma Agrária (INCRA), União, projeto (administração), colonização, assentamento rural, criação, anterioridade, data, limite.||||https://www.camara.leg.br/proposicoesWeb/prop_mostrarintegra?codteor=2227422|||
2344997|https://dadosabertos.camara.leg.br/api/v2/proposicoes/2344997|PL|139|3050|2022|Altera a Lei nº 11.947, de 16 de junho de 2009, para que a fixação dos valores per capita do PDDE contemple, diferenciadamente, as escolas que atendem a estudantes imigrantes e refugiados.|2022-12-21T12:15||{'dataHora': '2023-03-16T10:58', 'sequencia': 14, 'siglaOrgao': 'CE', 'uriOrgao': 'https://dadosabertos.camara.leg.br/api/v2/orgaos/2009', 'uriUltimoRelator': None, 'regime': 'Ordinário (Art. 151, III, RICD)', 'descricaoTramitacao': 'Recebimento', 'codTipoTramitacao': '500', 'descricaoSituacao': 'Aguardando Designação de Relator', 'codSituacao': 907, 'despacho': 'Recebimento pela CE.', 'url': None, 'ambito': 'Regimental', 'apreciacao': 'Proposição Sujeita à Apreciação Conclusiva pelas Comissões - Art. 24 II'}|https://dadosabertos.camara.leg.br/api/v2/proposicoes/2344997/autores|Projeto de Lei||Alteração, Lei da Alimentação Escolar, fixação, Valor per capita, Programa Dinheiro Direto na Escola (PDDE), diferença, atendimento, estudante, imigrante, refugiado.||||https://www.camara.leg.br/proposicoesWeb/prop_mostrarintegra?codteor=2227557|||
2344998|https://dadosabertos.camara.leg.br/api/v2/proposicoes/2344998|PL|139|3051|2022|Altera a Lei nº 9.474, de 22 de julho de 1997, para dispor sobre a isenção de pagamento de taxas e sobre a tramitação simplificada de processos de revalidação e reconhecimento de diplomas de graduação e pós-graduação stricto sensu para os refugiados.|2022-12-21T12:15||{'dataHora': '2023-02-02T00:00', 'sequencia': 16, 'siglaOrgao': 'CCP', 'uriOrgao': 'https://dadosabertos.camara.leg.br/api/v2/orgaos/186', 'uriUltimoRelator': None, 'regime': 'Prioridade (Art. 151, II, RICD)', 'descricaoTramitacao': 'Publicação de Proposição', 'codTipoTramitacao': '604', 'descricaoSituacao': 'Tramitando em Conjunto', 'codSituacao': 925, 'despacho': 'Encaminhada à publicação. Publicação Inicial em avulso e no DCD de 03/02/2023.', 'url': None, 'ambito': 'Regimental', 'apreciacao': 'Proposição Sujeita à Apreciação Conclusiva pelas Comissões - Art. 24 II'}|https://dadosabertos.camara.leg.br/api/v2/proposicoes/2344998/autores|Projeto de Lei||Alteração, Lei Federal, isenção, taxa, tramitação, procedimento, revalidação, Diploma de graduação, reconhecimento, Diploma de mestrado, Diploma de doutorado, expedição, Instituição de ensino estrangeira, refugiado.|https://dadosabertos.camara.leg.br/api/v2/proposicoes/2170828|||https://www.camara.leg.br/proposicoesWeb/prop_mostrarintegra?codteor=2227558|||
2345030|https://dadosabertos.camara.leg.br/api/v2/proposicoes/2345030|PL|139|3052|2022|Dispõe sobre o programa de estímulo ao escoamento e comercialização de gás natural e seus derivados e altera as Leis nº 9.478 de 6 de agosto de 1997 e 14.134, de 8 de abril de 2021.|2022-12-21T14:07||{'dataHora': '2023-03-29T18:29', 'sequencia': 14, 'siglaOrgao': 'CVT', 'uriOrgao': 'https://dadosabertos.camara.leg.br/api/v2/orgaos/2016', 'uriUltimoRelator': None, 'regime': 'Ordinário (Art. 151, III, RICD)', 'descricaoTramitacao': 'Recebimento', 'codTipoTramitacao': '500', 'descricaoSituacao': 'Aguardando Designação de Relator', 'codSituacao': 907, 'despacho': 'Recebimento pela CVT.', 'url': None, 'ambito': 'Regimental', 'apreciacao': 'Proposição Sujeita à Apreciação Conclusiva pelas Comissões - Art. 24 II'}|https://dadosabertos.camara.leg.br/api/v2/proposicoes/2345030/autores|Projeto de Lei|Altera a Lei nº 12.351, de 2010.|Criação, Programa de Incentivo ao Escoamento e Comercialização de Gás Natural (Proescoar), aproveitamento, gás natural, Mercado interno. _ Incentivo fiscal, Crédito tributário, pessoa jurídica, Aproveitamento energético, gás natural. _ Alíquota zero, Imposto de Importação, Imposto sobre Produtos Industrializados (IPI), Contribuição para os Programas de Integração Social e de Formação do Patrimônio do Servidor Público (Contribuição PIS-Pasep), Contribuição para Financiamento da Seguridade Social (Cofins), importação, insumo, fabricação, caminhão, ônibus, Trator, Escavadeira, Gás Natural Liquefeito (GNL), Gás Natural Veicular (GNV), tributação.  _ Alteração, Lei do Petróleo, extração, produção, escoamento, liquefação, regaseificação, gás natural. _ Agência Nacional do Petróleo, Gás Natural e Biocombustíveis (ANP), redução, valor, Royalty, produção, gás natural. _ Alteração, Lei do Pré-Sal, custo, Contrato de partilha de produção, gás natural. _ Alteração, Lei Federal, Regime especial de tributação, bens, escoamento, gás natural.||||https://www.camara.leg.br/proposicoesWeb/prop_mostrarintegra?codteor=2227615|||
2345041|https://dadosabertos.camara.leg.br/api/v2/proposicoes/2345041|PL|139|3053|2022|Inclui o art. 5º-A à Lei nº 9.818, de 23 de agosto de 1999, para estabelecer critérios e limites em empréstimos a outros países.|2022-12-21T14:47||{'dataHora': '2023-03-28T21:12', 'sequencia': 17, 'siglaOrgao': 'MESA', 'uriOrgao': 'https://dadosabertos.camara.leg.br/api/v2/orgaos/4', 'uriUltimoRelator': None, 'regime': 'Ordinário (Art. 151, III, RICD)', 'descricaoTramitacao': 'Notificação de Apensação', 'codTipoTramitacao': '504', 'descricaoSituacao': 'Aguardando Designação de Relator', 'codSituacao': 907, 'despacho': 'Apense-se a este(a) o(a) PL-482/2023.', 'url': 'https://www.camara.leg.br/proposicoesWeb/prop_mostrarintegra?codteor=2244516', 'ambito': 'Regimental', 'apreciacao': 'Proposição Sujeita à Apreciação Conclusiva pelas Comissões - Art. 24 II'}|https://dadosabertos.camara.leg.br/api/v2/proposicoes/2345041/autores|Projeto de Lei||Alteração, Lei Federal, Fundo de Garantia à Exportação (FGE), critério, limite, empréstimo, país estrangeiro.||||https://www.camara.leg.br/proposicoesWeb/prop_mostrarintegra?codteor=2227639|||
2345060|https://dadosabertos.camara.leg.br/api/v2/proposicoes/2345060|PL|139|3054|2022|Acrescenta o inciso IV ao art. 147-A ao Decreto-Lei nº 2.848, de 7 de dezembro de 1940 (Código Penal), para majorar a pena do crime de perseguição quando forem utilizadas as redes sociais e páginas da internet para praticá-lo.|2022-12-21T16:39||{'dataHora': '2023-03-17T17:12', 'sequencia': 14, 'siglaOrgao': 'CCJC', 'uriOrgao': 'https://dadosabertos.camara.leg.br/api/v2/orgaos/2003', 'uriUltimoRelator': None, 'regime': 'Ordinário (Art. 151, III, RICD)', 'descricaoTramitacao': 'Recebimento', 'codTipoTramitacao': '500', 'descricaoSituacao': 'Aguardando Designação de Relator', 'codSituacao': 907, 'despacho': 'Recebimento pela CCJC.', 'url': None, 'ambito': 'Regimental', 'apreciacao': 'Proposição Sujeita à Apreciação do Plenário'}|https://dadosabertos.camara.leg.br/api/v2/proposicoes/2345060/autores|Projeto de Lei||Alteração, Código Penal, aumento da pena, crime, perseguição, prática, utilização, rede social, sítio (internet).||||https://www.camara.leg.br/proposicoesWeb/prop_mostrarintegra?codteor=2227691|||
2345061|https://dadosabertos.camara.leg.br/api/v2/proposicoes/2345061|PL|139|3055|2022|Dispõe sobre a obrigação de que equipamentos celulares comercializados no Brasil sejam equipados com tecnologia de recepção de sinais de radiodifusão sonora em Frequência Modulada – FM.|2022-12-21T16:49||{'dataHora': '2022-12-22T10:45', 'sequencia': 6, 'siglaOrgao': 'MESA', 'uriOrgao': 'https://dadosabertos.camara.leg.br/api/v2/orgaos/4', 'uriUltimoRelator': None, 'regime': '.', 'descricaoTramitacao': 'Distribuição', 'codTipoTramitacao': '110', 'descricaoSituacao': None, 'codSituacao': None, 'despacho': 'Despacho Chancelado', 'url': 'https://www.camara.leg.br/proposicoesWeb/prop_mostrarintegra?codteor=2234781', 'ambito': 'Protocolar', 'apreciacao': 'Proposição Sujeita à Apreciação Conclusiva pelas Comissões - Art. 24 II'}|https://dadosabertos.camara.leg.br/api/v2/proposicoes/2345061/autores|Projeto de Lei||Obrigatoriedade, equipamento, aparelho de celular, comercialização, Brasil, acompanhamento, tecnologia, recepção, sinal de rádio, Radiodifusão sonora em frequência modulada.||||https://www.camara.leg.br/proposicoesWeb/prop_mostrarintegra?codteor=2227694|||
2345092|https://dadosabertos.camara.leg.br/api/v2/proposicoes/2345092|PL|139|3056|2022|Regulamenta a utilização de sistemas de monitoramento e vigilância por meio de câmeras e dispositivos de vídeo e áudio em acomodações disponíveis para aluguel por temporada.|2022-12-21T17:43||{'dataHora': '2023-03-15T00:00', 'sequencia': 14, 'siglaOrgao': 'CCP', 'uriOrgao': 'https://dadosabertos.camara.leg.br/api/v2/orgaos/186', 'uriUltimoRelator': None, 'regime': 'Ordinário (Art. 151, III, RICD)', 'descricaoTramitacao': 'Publicação de Proposição', 'codTipoTramitacao': '604', 'descricaoSituacao': 'Aguardando Designação de Relator', 'codSituacao': 907, 'despacho': 'Encaminhada à publicação. Publicação Inicial em avulso e no DCD de 16/03/2023.', 'url': None, 'ambito': 'Regimental', 'apreciacao': 'Proposição Sujeita à Apreciação Conclusiva pelas Comissões - Art. 24 II'}|https://dadosabertos.camara.leg.br/api/v2/proposicoes/2345092/autores|Projeto de Lei||Regulamentação, Monitoração eletrônica, Câmera de segurança, aluguel, Imóvel de temporada, diretrizes.||||https://www.camara.leg.br/proposicoesWeb/prop_mostrarintegra?codteor=2227767|||
2345095|https://dadosabertos.camara.leg.br/api/v2/proposicoes/2345095|PL|139|3057|2022|Altera os aspectos gerais da aplicação dos recursos do Fundo Nacional de Aviação Civil (FNAC), instituído pela Lei 12.462, de 4 de agosto de 2011 e dá outras providências.|2022-12-21T17:50||{'dataHora': '2023-03-15T18:55', 'sequencia': 15, 'siglaOrgao': 'CFT', 'uriOrgao': 'https://dadosabertos.camara.leg.br/api/v2/orgaos/2010', 'uriUltimoRelator': None, 'regime': 'Prioridade (Art. 151, II, RICD)', 'descricaoTramitacao': 'Apensação', 'codTipoTramitacao': '106', 'descricaoSituacao': 'Tramitando em Conjunto', 'codSituacao': 925, 'despacho': 'Apensação desta proposição ao PL 5442/2020.', 'url': None, 'ambito': 'Protocolar', 'apreciacao': 'Proposição Sujeita à Apreciação do Plenário'}|https://dadosabertos.camara.leg.br/api/v2/proposicoes/2345095/autores|Projeto de Lei||Alteração, Lei Federal, recursos, Fundo Nacional de Aviação Civil (Fnac), aplicação, gestão, Secretaria de Aviação Civil da Presidência da República (SAC).|https://dadosabertos.camara.leg.br/api/v2/proposicoes/2266425|||https://www.camara.leg.br/proposicoesWeb/prop_mostrarintegra?codteor=2227770|||
2345103|https://dadosabertos.camara.leg.br/api/v2/proposicoes/2345103|PL|139|3058|2022|Altera a Lei nº 9.503, de 23 de setembro de 1997 - Código de Trânsito Brasileiro, a fim de impedir a remoção imediata de veículos por falta de regularização do licenciamento.|2022-12-21T18:06||{'dataHora': '2023-03-15T00:00', 'sequencia': 14, 'siglaOrgao': 'CCP', 'uriOrgao': 'https://dadosabertos.camara.leg.br/api/v2/orgaos/186', 'uriUltimoRelator': None, 'regime': 'Prioridade (Art. 151, II, RICD)', 'descricaoTramitacao': 'Publicação de Proposição', 'codTipoTramitacao': '604', 'descricaoSituacao': 'Tramitando em Conjunto', 'codSituacao': 925, 'despacho': 'Encaminhada à publicação. Publicação Inicial em avulso e no DCD de 16/03/2023.', 'url': None, 'ambito': 'Regimental', 'apreciacao': 'Proposição Sujeita à Apreciação do Plenário'}|https://dadosabertos.camara.leg.br/api/v2/proposicoes/2345103/autores|Projeto de Lei||Alteração, Código de Trânsito Brasileiro, infração de trânsito, ausência, regularização, licenciamento anual veicular, critério, impedimento, aplicação, medida administrativa de trânsito, remoção de veículo.|https://dadosabertos.camara.leg.br/api/v2/proposicoes/2172896|||https://www.camara.leg.br/proposicoesWeb/prop_mostrarintegra?codteor=2227783|||
2345104|https://dadosabertos.camara.leg.br/api/v2/proposicoes/2345104|PL|139|3059|2022|Altera a Lei nº 9.818, de 23 de agosto de 1999 e dá outras providências.|2022-12-21T18:06||{'dataHora': '2023-03-28T17:28', 'sequencia': 14, 'siglaOrgao': 'CDE', 'uriOrgao': 'https://dadosabertos.camara.leg.br/api/v2/orgaos/2008', 'uriUltimoRelator': None, 'regime': 'Ordinário (Art. 151, III, RICD)', 'descricaoTramitacao': 'Recebimento', 'codTipoTramitacao': '500', 'descricaoSituacao': 'Tramitando em Conjunto', 'codSituacao': 925, 'despacho': 'Recebimento pela CDE, apensado ao PL-3053/2022', 'url': None, 'ambito': 'Regimental', 'apreciacao': 'Proposição Sujeita à Apreciação Conclusiva pelas Comissões - Art. 24 II'}|https://dadosabertos.camara.leg.br/api/v2/proposicoes/2345104/autores|Projeto de Lei||Alteração, Lei Federal, regulamentação, concessão, garantia, âmbito, Fundo de Garantia à Exportação (FGE), operação de crédito, realização, Instituição financeira oficial federal, país estrangeiro.|https://dadosabertos.camara.leg.br/api/v2/proposicoes/2345041|||https://www.camara.leg.br/proposicoesWeb/prop_mostrarintegra?codteor=2227784|||
2345137|https://dadosabertos.camara.leg.br/api/v2/proposicoes/2345137|PL|139|3060|2022|Institui o auto de busca pessoal.|2022-12-21T19:04||{'dataHora': '2023-03-15T00:00', 'sequencia': 13, 'siglaOrgao': 'CCP', 'uriOrgao': 'https://dadosabertos.camara.leg.br/api/v2/orgaos/186', 'uriUltimoRelator': None, 'regime': 'Especial', 'descricaoTramitacao': 'Publicação de Proposição', 'codTipoTramitacao': '604', 'descricaoSituacao': 'Tramitando em Conjunto', 'codSituacao': 925, 'despacho': 'Encaminhada à publicação. Publicação Inicial em avulso e no DCD de 16/03/2023.', 'url': None, 'ambito': 'Regimental', 'apreciacao': 'Proposição Sujeita à Apreciação do Plenário'}|https://dadosabertos.camara.leg.br/api/v2/proposicoes/2345137/autores|Projeto de Lei|Altera o Decreto-lei nº 3.689 de 1941.|Alteração, Código de Processo Penal, obrigatoriedade, autoridade policial, auto de busca pessoal, fundada suspeita, diretrizes. _ Respeito, direitos humanos,  prevenção, Discriminação social.|https://dadosabertos.camara.leg.br/api/v2/proposicoes/2313527|||https://www.camara.leg.br/proposicoesWeb/prop_mostrarintegra?codteor=2227813|||
2345139|https://dadosabertos.camara.leg.br/api/v2/proposicoes/2345139|PL|139|3061|2022|Altera a Lei nº 12.711, de 29 de agosto de 2012, para dispor sobre o ingresso, acompanhamento, avaliação e revisão, do programa especial para o acesso às instituições federais de educação superior e de ensino técnico e médio de estudantes negros (pretos e pardos), quilombolas, indígenas e de pessoas com deficiência, bem como daqueles que tenham cursado integralmente o ensino médio em escolas públicas, e dá outras providências.|2022-12-21T19:13||{'dataHora': '2023-03-28T19:54', 'sequencia': 14, 'siglaOrgao': 'CPOVOS', 'uriOrgao': 'https://dadosabertos.camara.leg.br/api/v2/orgaos/539384', 'uriUltimoRelator': None, 'regime': 'Ordinário (Art. 151, III, RICD)', 'descricaoTramitacao': 'Recebimento', 'codTipoTramitacao': '500', 'descricaoSituacao': 'Aguardando Designação de Relator', 'codSituacao': 907, 'despacho': 'Recebimento pela CPOVOS.', 'url': None, 'ambito': 'Regimental', 'apreciacao': 'Proposição Sujeita à Apreciação Conclusiva pelas Comissões - Art. 24 II'}|https://dadosabertos.camara.leg.br/api/v2/proposicoes/2345139/autores|Projeto de Lei||Alteração, Lei de Cotas de Ingresso nas Universidades, aperfeiçoamento, legislação, Sistema de cotas, Instituição Federal de Ensino Superior (IFES), Instituição federal de ensino, Ensino técnico de grau médio, estudante, Cor negra, Quilombolas, Índio, pessoa com deficiência, ação afirmativa.||||https://www.camara.leg.br/proposicoesWeb/prop_mostrarintegra?codteor=2227815|||
2345177|https://dadosabertos.camara.leg.br/api/v2/proposicoes/2345177|PL|139|3063|2022|Dispõe sobre o início da contagem do prazo para realização do primeiro tratamento do paciente com neoplasia maligna, determina prazo de entrega dos exames realizados nos casos de suspeita de neoplasia maligna e dispõe sobre a obrigatoriedade de informação aos pacientes quanto aos prazos previstos na Lei.|2022-12-21T20:44||{'dataHora': '2023-03-15T18:55', 'sequencia': 15, 'siglaOrgao': 'CFT', 'uriOrgao': 'https://dadosabertos.camara.leg.br/api/v2/orgaos/2010', 'uriUltimoRelator': None, 'regime': 'Ordinário (Art. 151, III, RICD)', 'descricaoTramitacao': 'Apensação', 'codTipoTramitacao': '106', 'descricaoSituacao': 'Tramitando em Conjunto', 'codSituacao': 925, 'despacho': 'Apensação desta proposição ao PL 6316/2019.', 'url': None, 'ambito': 'Protocolar', 'apreciacao': 'Proposição Sujeita à Apreciação do Plenário'}|https://dadosabertos.camara.leg.br/api/v2/proposicoes/2345177/autores|Projeto de Lei||Alteração, Lei Federal, critério, Contagem de prazo, início, tratamento, paciente, Neoplasia maligna, Sistema Único de Saúde (SUS).|https://dadosabertos.camara.leg.br/api/v2/proposicoes/2232268|||https://www.camara.leg.br/proposicoesWeb/prop_mostrarintegra?codteor=2227920|||
2345192|https://dadosabertos.camara.leg.br/api/v2/proposicoes/2345192|PL|139|3064|2022|Altera a Lei nº 12.933, de 26 de dezembro de 2013, que dispõe sobre o benefício do pagamento de meia-entrada para estudantes, idosos, pessoas com deficiência e jovens de 15 a 29 anos comprovadamente carentes em espetáculos artístico-culturais e esportivos, e revoga a Medida Provisória nº 2.208, de 17 de agosto de 2001, para incluir os professores da educação básica e os instrutores de trânsito no rol dos beneficiários desta Lei.|2022-12-21T21:12||{'dataHora': '2023-03-16T09:59', 'sequencia': 15, 'siglaOrgao': 'CDE', 'uriOrgao': 'https://dadosabertos.camara.leg.br/api/v2/orgaos/2008', 'uriUltimoRelator': None, 'regime': 'Ordinário (Art. 151, III, RICD)', 'descricaoTramitacao': 'Apensação', 'codTipoTramitacao': '106', 'descricaoSituacao': 'Tramitando em Conjunto', 'codSituacao': 925, 'despacho': 'Apensação desta proposição ao PL 1556/2019.', 'url': None, 'ambito': 'Protocolar', 'apreciacao': 'Proposição Sujeita à Apreciação Conclusiva pelas Comissões - Art. 24 II'}|https://dadosabertos.camara.leg.br/api/v2/proposicoes/2345192/autores|Projeto de Lei||Alteração, Lei Federal, concessão, Meia-entrada, professor, educação básica, Rede pública de ensino, Rede particular de ensino, Instrutor de trânsito, Evento cultural, Espetáculo, Evento de lazer, Evento desportivo.|https://dadosabertos.camara.leg.br/api/v2/proposicoes/2194396|||https://www.camara.leg.br/proposicoesWeb/prop_mostrarintegra?codteor=2227970|||
2345193|https://dadosabertos.camara.leg.br/api/v2/proposicoes/2345193|PL|139|3065|2022|Altera a Lei nº 9.503, de 23 de setembro de 1997, que institui o Código de Trânsito Brasileiro, para dispor sobre a formação do agente da autoridade de trânsito competente para a lavratura de auto de infração.|2022-12-21T21:13||{'dataHora': '2023-03-15T00:00', 'sequencia': 13, 'siglaOrgao': 'CCP', 'uriOrgao': 'https://dadosabertos.camara.leg.br/api/v2/orgaos/186', 'uriUltimoRelator': None, 'regime': 'Prioridade (Art. 151, II, RICD)', 'descricaoTramitacao': 'Publicação de Proposição', 'codTipoTramitacao': '604', 'descricaoSituacao': 'Tramitando em Conjunto', 'codSituacao': 925, 'despacho': 'Encaminhada à publicação. Publicação Inicial em avulso e no DCD de 16/03/2023.', 'url': None, 'ambito': 'Regimental', 'apreciacao': 'Proposição Sujeita à Apreciação do Plenário'}|https://dadosabertos.camara.leg.br/api/v2/proposicoes/2345193/autores|Projeto de Lei||Alteração, Código de Trânsito Brasileiro, obrigatoriedade, Agente de trânsito, Curso de formação, atualização, lavratura, auto de infração.|https://dadosabertos.camara.leg.br/api/v2/proposicoes/2085592|||https://www.camara.leg.br/proposicoesWeb/prop_mostrarintegra?codteor=2227971|||
2345194|https://dadosabertos.camara.leg.br/api/v2/proposicoes/2345194|PL|139|3066|2022|Altera a Lei Federal nº 8.069, de 13 de julho de 1990, Estatuto da Criança e do Adolescente, para prever como crime contra a criança a superexposição nociva nas redes sociais e páginas da internet.|2022-12-21T21:16||{'dataHora': '2023-03-15T00:00', 'sequencia': 13, 'siglaOrgao': 'CCP', 'uriOrgao': 'https://dadosabertos.camara.leg.br/api/v2/orgaos/186', 'uriUltimoRelator': None, 'regime': 'Prioridade (Art. 151, II, RICD)', 'descricaoTramitacao': 'Publicação de Proposição', 'codTipoTramitacao': '604', 'descricaoSituacao': 'Tramitando em Conjunto', 'codSituacao': 925, 'despacho': 'Encaminhada à publicação. Publicação Inicial em avulso e no DCD de 16/03/2023.', 'url': None, 'ambito': 'Regimental', 'apreciacao': 'Proposição Sujeita à Apreciação do Plenário'}|https://dadosabertos.camara.leg.br/api/v2/proposicoes/2345194/autores|Projeto de Lei||Alteração, Estatuto da Criança e do Adolescente (ECA), crime, superexposição nociva, Conteúdo sexual, rede social, internet, criança.|https://dadosabertos.camara.leg.br/api/v2/proposicoes/2333600|||https://www.camara.leg.br/proposicoesWeb/prop_mostrarintegra?codteor=2227972|||
2345237|https://dadosabertos.camara.leg.br/api/v2/proposicoes/2345237|PL|139|3067|2022|Institui o Programa de Energia Renovável para Agricultores Familiares e Consumidores de Baixa Renda e dá outras providências.|2022-12-22T09:45||{'dataHora': '2023-03-17T11:13', 'sequencia': 15, 'siglaOrgao': 'CME', 'uriOrgao': 'https://dadosabertos.camara.leg.br/api/v2/orgaos/2012', 'uriUltimoRelator': None, 'regime': 'Ordinário (Art. 151, III, RICD)', 'descricaoTramitacao': 'Apensação', 'codTipoTramitacao': '106', 'descricaoSituacao': 'Tramitando em Conjunto', 'codSituacao': 925, 'despacho': 'Apensação desta proposição ao PL 2953/2022.', 'url': None, 'ambito': 'Protocolar', 'apreciacao': 'Proposição Sujeita à Apreciação Conclusiva pelas Comissões - Art. 24 II'}|https://dadosabertos.camara.leg.br/api/v2/proposicoes/2345237/autores|Projeto de Lei|Altera as Leis nº 14.300 de 2022 e 10.438 de 2022.|Alteração, Marco Legal da Microgeração e Minigeração Distribuída, Criação, Programa de Energia Renovável para Agricultores Familiares e Consumidores de Baixa Renda, instalação, Sistema de energia solar fotovoltaica, Fonte alternativa de energia, agricultor familiar, população de baixa renda, Área urbana, inscrição, Cadastro Único para Programas Sociais do Governo Federal (CadÚnico). _ Alteração, Lei do Setor Elétrico, Conta de Desenvolvimento Energético (CDE), financiamento, Programa de Energia Renovável para Agricultores Familiares e Consumidores de Baixa Renda.|https://dadosabertos.camara.leg.br/api/v2/proposicoes/2341800|||https://www.camara.leg.br/proposicoesWeb/prop_mostrarintegra?codteor=2228044|||
2345261|https://dadosabertos.camara.leg.br/api/v2/proposicoes/2345261|PL|139|3069|2022|Dispõe sobre o uso de tecnologia de reconhecimento facial automatizado no âmbito das forças de segurança pública e dá outras providências.|2022-12-22T13:44|https://dadosabertos.camara.leg.br/api/v2/orgaos/5503|{'dataHora': '2023-03-27T00:00', 'sequencia': 16, 'siglaOrgao': 'CSPCCO', 'uriOrgao': 'https://dadosabertos.camara.leg.br/api/v2/orgaos/5503', 'uriUltimoRelator': 'https://dadosabertos.camara.leg.br/api/v2/deputados/204444', 'regime': 'Ordinário (Art. 151, III, RICD)', 'descricaoTramitacao': 'Abertura de Prazo', 'codTipoTramitacao': '350', 'descricaoSituacao': 'Aguardando Parecer', 'codSituacao': 915, 'despacho': 'Prazo para Emendas ao Projeto (5 sessões a partir de 28/03/2023)', 'url': None, 'ambito': 'Regimental', 'apreciacao': 'Proposição Sujeita à Apreciação Conclusiva pelas Comissões - Art. 24 II'}|https://dadosabertos.camara.leg.br/api/v2/proposicoes/2345261/autores|Projeto de Lei||Disciplinamento, tecnologia, Reconhecimento facial, Investigação criminal, Processo administrativo, âmbito, Segurança Pública, diretrizes.||||https://www.camara.leg.br/proposicoesWeb/prop_mostrarintegra?codteor=2228103|||
2345263|https://dadosabertos.camara.leg.br/api/v2/proposicoes/2345263|PL|139|3070|2022|Inclui Parágrafo Único ao Art. 3º-A, da Lei nº 12.340, de 1º de Dezembro de 2010 (Sistema Nacional de Defesa Civil), para dispor sobre a obrigatoriedade dos municí-pios possuírem servidor específico para questões de Defesa Civil.|2022-12-22T13:56||{'dataHora': '2023-03-16T17:05', 'sequencia': 15, 'siglaOrgao': 'CINDRE', 'uriOrgao': 'https://dadosabertos.camara.leg.br/api/v2/orgaos/2017', 'uriUltimoRelator': None, 'regime': 'Ordinário (Art. 151, III, RICD)', 'descricaoTramitacao': 'Apensação', 'codTipoTramitacao': '106', 'descricaoSituacao': 'Tramitando em Conjunto', 'codSituacao': 925, 'despacho': 'Apensação desta proposição ao PL 1219/2022.', 'url': None, 'ambito': 'Protocolar', 'apreciacao': 'Proposição Sujeita à Apreciação Conclusiva pelas Comissões - Art. 24 II'}|https://dadosabertos.camara.leg.br/api/v2/proposicoes/2345263/autores|Projeto de Lei||Alteração, Lei Federal, obrigatoriedade, Município, suscetibilidade, Desastre ambiental, Sistema Nacional de Defesa Civil (Sindec), servidor público, qualificação, Defesa Civil.|https://dadosabertos.camara.leg.br/api/v2/proposicoes/2322742|||https://www.camara.leg.br/proposicoesWeb/prop_mostrarintegra?codteor=2228105|||
2345281|https://dadosabertos.camara.leg.br/api/v2/proposicoes/2345281|PL|139|3072|2022|Dispõe sobre o direito à informação sobre a possibilidade de cirurgia plástica reparadora da mama nos casos de mutilação decorrentes de tratamento de câncer.|2022-12-22T15:04||{'dataHora': '2023-03-28T09:11', 'sequencia': 14, 'siglaOrgao': 'CMULHER', 'uriOrgao': 'https://dadosabertos.camara.leg.br/api/v2/orgaos/537870', 'uriUltimoRelator': None, 'regime': 'Ordinário (Art. 151, III, RICD)', 'descricaoTramitacao': 'Recebimento', 'codTipoTramitacao': '500', 'descricaoSituacao': 'Aguardando Designação de Relator', 'codSituacao': 907, 'despacho': 'Recebimento pela CMULHER.', 'url': None, 'ambito': 'Regimental', 'apreciacao': 'Proposição Sujeita à Apreciação Conclusiva pelas Comissões - Art. 24 II'}|https://dadosabertos.camara.leg.br/api/v2/proposicoes/2345281/autores|Projeto de Lei|Altera a Lei nº 9.797 de 1999.|Alteração, Lei Federal, obrigatoriedade, Unidade de saúde, Sistema Único de Saúde (SUS), informação, paciente, Câncer de mama, Mamoplastia reparadora.||||https://www.camara.leg.br/proposicoesWeb/prop_mostrarintegra?codteor=2228123|||
2345282|https://dadosabertos.camara.leg.br/api/v2/proposicoes/2345282|PL|139|3073|2022|Altera a Lei nº 10.826, de 22 de dezembro de 2003, para inserir uma qualificadora no crime de omissão de cautela.|2022-12-22T15:08|https://dadosabertos.camara.leg.br/api/v2/orgaos/5503|{'dataHora': '2023-03-24T00:00', 'sequencia': 15, 'siglaOrgao': 'CSPCCO', 'uriOrgao': 'https://dadosabertos.camara.leg.br/api/v2/orgaos/5503', 'uriUltimoRelator': 'https://dadosabertos.camara.leg.br/api/v2/deputados/160545', 'regime': 'Ordinário (Art. 151, III, RICD)', 'descricaoTramitacao': 'Designação de Relator', 'codTipoTramitacao': '320', 'descricaoSituacao': 'Aguardando Parecer', 'codSituacao': 915, 'despacho': 'Designado Relator, Dep. Alexandre Leite (UNIÃO-SP)', 'url': None, 'ambito': 'Regimental', 'apreciacao': 'Proposição Sujeita à Apreciação do Plenário'}|https://dadosabertos.camara.leg.br/api/v2/proposicoes/2345282/autores|Projeto de Lei||Alteração, Estatuto do Desarmamento, aumento da pena, proprietário, arma, omissão de cautela, menor de idade, Pessoa com deficiência intelectual, utilização, arma de fogo, prática, crime.||||https://www.camara.leg.br/proposicoesWeb/prop_mostrarintegra?codteor=2228124|||
2345289|https://dadosabertos.camara.leg.br/api/v2/proposicoes/2345289|PL|139|3074|2022|Altera a Lei nº 8.134 de 1990 para levar igualdade tributária para contribuintes de trabalho não assalariado.|2022-12-22T15:34||{'dataHora': '2023-03-15T18:39', 'sequencia': 14, 'siglaOrgao': 'CFT', 'uriOrgao': 'https://dadosabertos.camara.leg.br/api/v2/orgaos/2010', 'uriUltimoRelator': None, 'regime': 'Ordinário (Art. 151, III, RICD)', 'descricaoTramitacao': 'Recebimento', 'codTipoTramitacao': '500', 'descricaoSituacao': 'Aguardando Designação de Relator', 'codSituacao': 907, 'despacho': 'Recebimento pela CFT.', 'url': None, 'ambito': 'Regimental', 'apreciacao': 'Proposição Sujeita à Apreciação Conclusiva pelas Comissões - Art. 24 II'}|https://dadosabertos.camara.leg.br/api/v2/proposicoes/2345289/autores|Projeto de Lei||Alteração, Legislação Tributária Federal, critério, Igualdade tributária, Trabalhador autônomo, Trabalhador assalariado, Dedução tributária, Imposto sobre a Renda da Pessoa Física (IRPF), Imposto de Renda das Pessoas Jurídicas (IRPJ), tributação.||||https://www.camara.leg.br/proposicoesWeb/prop_mostrarintegra?codteor=2228132|||
2345296|https://dadosabertos.camara.leg.br/api/v2/proposicoes/2345296|PL|139|3075|2022|Acrescenta dispositivos à Lei nº 13.415, de 2017, fixando parâmetros para a expansão da Política de Fomento à Implementação de Escolas de Ensino Médio em Tempo Integral.|2022-12-22T16:23|https://dadosabertos.camara.leg.br/api/v2/orgaos/2009|{'dataHora': '2023-03-27T00:00', 'sequencia': 16, 'siglaOrgao': 'CE', 'uriOrgao': 'https://dadosabertos.camara.leg.br/api/v2/orgaos/2009', 'uriUltimoRelator': 'https://dadosabertos.camara.leg.br/api/v2/deputados/204528', 'regime': 'Ordinário (Art. 151, III, RICD)', 'descricaoTramitacao': 'Abertura de Prazo', 'codTipoTramitacao': '350', 'descricaoSituacao': 'Aguardando Parecer', 'codSituacao': 915, 'despacho': 'Prazo para Emendas ao Projeto (5 sessões a partir de 28/03/2023)', 'url': None, 'ambito': 'Regimental', 'apreciacao': 'Proposição Sujeita à Apreciação Conclusiva pelas Comissões - Art. 24 II'}|https://dadosabertos.camara.leg.br/api/v2/proposicoes/2345296/autores|Projeto de Lei||Alteração, Lei Federal, diretrizes, implementação, Educação em tempo integral, escola, ensino médio, Rede pública de ensino.||||https://www.camara.leg.br/proposicoesWeb/prop_mostrarintegra?codteor=2228151|||
2345297|https://dadosabertos.camara.leg.br/api/v2/proposicoes/2345297|PL|139|3076|2022|Altera a Lei nº 4.375, de 17 de agosto de 1964, a fim de excepcionar a obrigatoriedade do alistamento militar aos estudantes e trabalhadores.|2022-12-22T16:23||{'dataHora': '2023-03-16T17:56', 'sequencia': 15, 'siglaOrgao': 'CREDN', 'uriOrgao': 'https://dadosabertos.camara.leg.br/api/v2/orgaos/2018', 'uriUltimoRelator': None, 'regime': 'Ordinário (Art. 151, III, RICD)', 'descricaoTramitacao': 'Apensação', 'codTipoTramitacao': '106', 'descricaoSituacao': 'Tramitando em Conjunto', 'codSituacao': 925, 'despacho': 'Apensação desta proposição ao PL 2279/2015.', 'url': None, 'ambito': 'Protocolar', 'apreciacao': 'Proposição Sujeita à Apreciação Conclusiva pelas Comissões - Art. 24 II'}|https://dadosabertos.camara.leg.br/api/v2/proposicoes/2345297/autores|Projeto de Lei||Alteração, Lei do Serviço Militar, desobrigação, Alistamento militar, estudante, trabalhador, empreendedor.|https://dadosabertos.camara.leg.br/api/v2/proposicoes/1555282|||https://www.camara.leg.br/proposicoesWeb/prop_mostrarintegra?codteor=2228152|||
2345299|https://dadosabertos.camara.leg.br/api/v2/proposicoes/2345299|PL|139|3077|2022|Altera a Lei nº 13.874, de 20 de setembro de 2019, Lei da Liberdade Econômica, a fim de impedir que comerciantes ambulantes tenham suas mercadorias confiscadas em serviço fiscalizatório.|2022-12-22T16:23||{'dataHora': '2023-03-20T10:17', 'sequencia': 15, 'siglaOrgao': 'CTRAB', 'uriOrgao': 'https://dadosabertos.camara.leg.br/api/v2/orgaos/2015', 'uriUltimoRelator': None, 'regime': 'Ordinário (Art. 151, III, RICD)', 'descricaoTramitacao': 'Apensação', 'codTipoTramitacao': '106', 'descricaoSituacao': 'Tramitando em Conjunto', 'codSituacao': 925, 'despacho': 'Apensação desta proposição ao PL 4867/2020.', 'url': None, 'ambito': 'Protocolar', 'apreciacao': 'Proposição Sujeita à Apreciação Conclusiva pelas Comissões - Art. 24 II'}|https://dadosabertos.camara.leg.br/api/v2/proposicoes/2345299/autores|Projeto de Lei||Alteração, Lei da Liberdade Econômica, critério, garantia, Vendedor ambulante, ausência, apreensão, mercadoria.|https://dadosabertos.camara.leg.br/api/v2/proposicoes/2264210|||https://www.camara.leg.br/proposicoesWeb/prop_mostrarintegra?codteor=2228155|||
2345300|https://dadosabertos.camara.leg.br/api/v2/proposicoes/2345300|PL|139|3078|2022|Cria a Política Nacional de Desenvolvimento de Pessoas no Poder Executivo da União, e dá outras providências.|2022-12-22T16:23||{'dataHora': '2023-03-27T00:00', 'sequencia': 12, 'siglaOrgao': 'CCP', 'uriOrgao': 'https://dadosabertos.camara.leg.br/api/v2/orgaos/186', 'uriUltimoRelator': None, 'regime': '.', 'descricaoTramitacao': 'Publicação de Proposição', 'codTipoTramitacao': '604', 'descricaoSituacao': None, 'codSituacao': None, 'despacho': 'Encaminhada à publicação. Publicação Inicial no DCD de 28/03/2023.', 'url': None, 'ambito': 'Regimental', 'apreciacao': 'Indefinida'}|https://dadosabertos.camara.leg.br/api/v2/proposicoes/2345300/autores|Projeto de Lei||Criação, Política Nacional de Desenvolvimento de Pessoas (PNDP), âmbito, Poder Executivo, Desenvolvimento pessoal, Educação e formação profissional, servidor público, princípios, diretrizes.||||https://www.camara.leg.br/proposicoesWeb/prop_mostrarintegra?codteor=2228156|||
2345301|https://dadosabertos.camara.leg.br/api/v2/proposicoes/2345301|PL|139|3079|2022|Altera a Lei nº 9.096, de 19 de setembro de 1995, que dispõe sobre partidos políticos, a fim de aplicar aos partidos políticos as normas sobre governança partidária.|2022-12-22T16:23||{'dataHora': '2023-03-23T00:00', 'sequencia': 16, 'siglaOrgao': 'CCJC', 'uriOrgao': 'https://dadosabertos.camara.leg.br/api/v2/orgaos/2003', 'uriUltimoRelator': None, 'regime': 'Prioridade (Art. 151, II, RICD)', 'descricaoTramitacao': 'Designação de Relator', 'codTipoTramitacao': '320', 'descricaoSituacao': 'Tramitando em Conjunto', 'codSituacao': 925, 'despacho': 'Designado Relator, Dep. Deltan Dallagnol (PODE-PR)', 'url': None, 'ambito': 'Protocolar', 'apreciacao': 'Proposição Sujeita à Apreciação do Plenário'}|https://dadosabertos.camara.leg.br/api/v2/proposicoes/2345301/autores|Projeto de Lei||Alteração, Lei Orgânica dos Partidos Políticos (1995), diretrizes, Governança Partidária, Partido Político, Código de ética, Programa de Integridade. _ Fixação, prazo, mandato eletivo, membro, Órgão partidário, Mandato parlamentar.|https://dadosabertos.camara.leg.br/api/v2/proposicoes/2218881|||https://www.camara.leg.br/proposicoesWeb/prop_mostrarintegra?codteor=2228158|||
2345302|https://dadosabertos.camara.leg.br/api/v2/proposicoes/2345302|PL|139|3080|2022|Regulamenta o sistema de controle interno dos Poderes da União, dos Estados, do Distrito Federal e dos Municípios previsto nos arts. 31, 70 e 74 da Constituição Federal.|2022-12-22T16:23||{'dataHora': '2023-03-27T00:00', 'sequencia': 12, 'siglaOrgao': 'CCP', 'uriOrgao': 'https://dadosabertos.camara.leg.br/api/v2/orgaos/186', 'uriUltimoRelator': None, 'regime': '.', 'descricaoTramitacao': 'Publicação de Proposição', 'codTipoTramitacao': '604', 'descricaoSituacao': None, 'codSituacao': None, 'despacho': 'Encaminhada à publicação. Publicação Inicial no DCD de 28/03/2023.', 'url': None, 'ambito': 'Regimental', 'apreciacao': 'Indefinida'}|https://dadosabertos.camara.leg.br/api/v2/proposicoes/2345302/autores|Projeto de Lei||Regulamentação, Constituição Federal (1988), sistema de controle interno, Controle administrativo, União, Estado (ente federado), Distrito Federal (Brasil), Município, Organização administrativa, função administrativa, Competência administrativa.||||https://www.camara.leg.br/proposicoesWeb/prop_mostrarintegra?codteor=2228159|||
2345303|https://dadosabertos.camara.leg.br/api/v2/proposicoes/2345303|PL|139|3081|2022|Revoga e altera Leis, Decretos-Leis e um Decreto, a fim de desregulamentar profissões e atividades que não ofereçam risco à segurança, à saúde, à ordem pública, à incolumidade individual e patrimonial.|2022-12-22T16:23||{'dataHora': '2023-03-28T09:28', 'sequencia': 14, 'siglaOrgao': 'CSAUDE', 'uriOrgao': 'https://dadosabertos.camara.leg.br/api/v2/orgaos/2014', 'uriUltimoRelator': None, 'regime': 'Ordinário (Art. 151, III, RICD)', 'descricaoTramitacao': 'Recebimento', 'codTipoTramitacao': '500', 'descricaoSituacao': 'Aguardando Designação de Relator', 'codSituacao': 907, 'despacho': 'Recebimento pela CSAUDE.', 'url': None, 'ambito': 'Regimental', 'apreciacao': 'Proposição Sujeita à Apreciação Conclusiva pelas Comissões - Art. 24 II'}|https://dadosabertos.camara.leg.br/api/v2/proposicoes/2345303/autores|Projeto de Lei||Revogação, Legislação, regulamentação, exercício profissional, leiloeiro, Aeronauta, Engenheiro, Arquiteto, Engenheiro agrimensor, Atuário, Contador, Fisioterapeuta, Terapeuta ocupacional, jornalista, Economista, Químico, Vendedor, Músico profissional, Massagista, Geólogo, Bibliotecário, Psicólogo, Corretor de seguros, Corretor de imóveis, Profissional, Teatro, Engenheiro florestal, Publicitário, Agenciador de propaganda, Estatístico, Técnico de Administração, Representante comercial autônomo, Engenheiro agrônomo, Relações públicas (profissional), Médico veterinário, Técnico industrial, Orientador educacional, Guardador de veículos, Lavador de automóveis, Artista, Técnico em Espetáculos de Diversões, Arquivista, Radialista, Geógrafo, Técnico, Prótese dentária, Meteorologista, Sociólogo, Fonoaudiólogo, Museólogo, Secretário, Economista, Economia doméstica, Técnico em Radiologia, Profissional de segurança do trabalho, atividade profissional, Mãe social, Nutricionista, Guia de turismo, Treinador Profissional de Futebol, Assistente social, Profissional de Educação Física, Peão de rodeio, Enólogo, Técnico em enologia, Garimpeiro, Oceanógrafo, Técnico em saúde bucal (TSB), Auxiliar em saúde bucal, Bombeiro civil, Pescador, Aquicultor, Mototaxista, Motoboy, Repentista, Instrutor de trânsito, Intérprete de língua de sinais, Sommelier, Taxista, Turismólogo, Cabeleireiro, Barbeiro, Manicure, Pedicure, Esteticista, Depilador, Maquiador, Motorista de caminhão, Comerciário, Árbitro desportivo, Futebol, Vaqueiro, Artesão, Designer de interiores, Detetive profissional, Aeronauta, Técnico em Biblioteconomia, Cosmetologista, Técnico em estética, Arqueólogo, Físico, Corretor de moda, Psicomotricista. _ Revogação, Lei dos Representantes Comerciais, Lei do CREA, Estatuto do Garimpeiro, Lei da Aquicultura e Pesca, Lei do Mototáxi e Motoboy, Lei do Descanso para Motoristas. _ Alteração, Lei Federal, revogação, dispositivo legal, exercício profissional, Biólogo, Biomédico. _ Alteração, Lei de Segurança Bancária, revogação, dispositivo legal, atividade profissional, vigilante. _ Alteração, Estatuto da OAB, revogação, dispositivo legal, exigência, aprovação, Exame de ordem, inscrição, advogado, Ordem dos Advogados do Brasil (OAB).||||https://www.camara.leg.br/proposicoesWeb/prop_mostrarintegra?codteor=2228161|||
2345305|https://dadosabertos.camara.leg.br/api/v2/proposicoes/2345305|PL|139|3082|2022|Altera a Lei nº 14.204, de 16 de setembro de 2021, para estabelecer o processo de pré-seleção para os cargos em comissão.|2022-12-22T16:23||{'dataHora': '2023-03-27T00:00', 'sequencia': 12, 'siglaOrgao': 'CCP', 'uriOrgao': 'https://dadosabertos.camara.leg.br/api/v2/orgaos/186', 'uriUltimoRelator': None, 'regime': '.', 'descricaoTramitacao': 'Publicação de Proposição', 'codTipoTramitacao': '604', 'descricaoSituacao': None, 'codSituacao': None, 'despacho': 'Encaminhada à publicação. Publicação Inicial no DCD de 28/03/2023.', 'url': None, 'ambito': 'Regimental', 'apreciacao': 'Indefinida'}|https://dadosabertos.camara.leg.br/api/v2/proposicoes/2345305/autores|Projeto de Lei||Alteração, Lei Federal, diretrizes, pré-seleção, Cargo em comissão, Administração Pública.||||https://www.camara.leg.br/proposicoesWeb/prop_mostrarintegra?codteor=2228166|||
2345306|https://dadosabertos.camara.leg.br/api/v2/proposicoes/2345306|PL|139|3083|2022|Regulamenta o §16º do art. 37 da Constituição Federal, prevê regras de avaliação das políticas públicas, e dá outras providências.|2022-12-22T16:23||{'dataHora': '2023-03-28T09:46', 'sequencia': 14, 'siglaOrgao': 'CASP', 'uriOrgao': 'https://dadosabertos.camara.leg.br/api/v2/orgaos/539388', 'uriUltimoRelator': None, 'regime': 'Prioridade (Art. 151, II, RICD)', 'descricaoTramitacao': 'Recebimento', 'codTipoTramitacao': '500', 'descricaoSituacao': 'Aguardando Designação de Relator', 'codSituacao': 907, 'despacho': 'Recebimento pela CASP.', 'url': None, 'ambito': 'Regimental', 'apreciacao': 'Proposição Sujeita à Apreciação Conclusiva pelas Comissões - Art. 24 II'}|https://dadosabertos.camara.leg.br/api/v2/proposicoes/2345306/autores|Projeto de Lei||Regulamentação, Constituição Federal (1988), diretrizes, avalição, Política Pública, Administração Pública. _ Poder Legislativo, Controle externo, intermediação, Comissão Mista, auxílio, Tribunal de Contas da União (TCU), auditoria, avaliação, Impacto orçamentário, Ação governamental.||||https://www.camara.leg.br/proposicoesWeb/prop_mostrarintegra?codteor=2228167|||
2345307|https://dadosabertos.camara.leg.br/api/v2/proposicoes/2345307|PL|139|3084|2022|Altera a Lei nº 14.113, de 25 de dezembro de 2020, a fim contabilizar a remuneração dos professores de escolas conveniadas nos 70% do FUNDEB destinados à remuneração dos profissionais da educação básica.|2022-12-22T16:23||{'dataHora': '2023-03-21T10:13', 'sequencia': 15, 'siglaOrgao': 'CE', 'uriOrgao': 'https://dadosabertos.camara.leg.br/api/v2/orgaos/2009', 'uriUltimoRelator': None, 'regime': 'Ordinário (Art. 151, III, RICD)', 'descricaoTramitacao': 'Apensação', 'codTipoTramitacao': '106', 'descricaoSituacao': 'Tramitando em Conjunto', 'codSituacao': 925, 'despacho': 'Apensação desta proposição ao PL 115/2021.', 'url': None, 'ambito': 'Protocolar', 'apreciacao': 'Proposição Sujeita à Apreciação do Plenário'}|https://dadosabertos.camara.leg.br/api/v2/proposicoes/2345307/autores|Projeto de Lei||Alteração, Lei do Fundo de Manutenção e Desenvolvimento da Educação Básica e de Valorização dos Profissionais da Educação, recursos, Fundo de Manutenção e Desenvolvimento da Educação Básica e de Valorização dos Profissionais da Educação (Fundeb), pagamento, Profissional da educação, educação básica, Instituição de ensino filantrópica, Instituição de ensino comunitária, Instituição de ensino confessional, rede credenciada, Poder Público.|https://dadosabertos.camara.leg.br/api/v2/proposicoes/2268779|||https://www.camara.leg.br/proposicoesWeb/prop_mostrarintegra?codteor=2228168|||
2345308|https://dadosabertos.camara.leg.br/api/v2/proposicoes/2345308|PL|139|3085|2022|Altera a Lei nº 14.113, de 25 de dezembro de 2020, a fim de contabilizar as matrículas da rede conveniada com o Poder Público no Ensino Fundamental e Ensino Médio na distribuição dos recursos do FUNDEB.|2022-12-22T16:23||{'dataHora': '2023-03-21T10:13', 'sequencia': 15, 'siglaOrgao': 'CE', 'uriOrgao': 'https://dadosabertos.camara.leg.br/api/v2/orgaos/2009', 'uriUltimoRelator': None, 'regime': 'Ordinário (Art. 151, III, RICD)', 'descricaoTramitacao': 'Apensação', 'codTipoTramitacao': '106', 'descricaoSituacao': 'Tramitando em Conjunto', 'codSituacao': 925, 'despacho': 'Apensação desta proposição ao PL 115/2021.', 'url': None, 'ambito': 'Protocolar', 'apreciacao': 'Proposição Sujeita à Apreciação do Plenário'}|https://dadosabertos.camara.leg.br/api/v2/proposicoes/2345308/autores|Projeto de Lei||Alteração, Lei do Fundo de Manutenção e Desenvolvimento da Educação Básica e de Valorização dos Profissionais da Educação, contabilização, matrícula, Instituição de ensino filantrópica, Instituição de ensino comunitária, Instituição de ensino confessional, ensino fundamental, ensino médio, recursos, Fundo de Manutenção e Desenvolvimento da Educação Básica e de Valorização dos Profissionais da Educação (Fundeb). _ Desobrigação, instituição de ensino, rede credenciada, Poder Público, oferta, Ensino gratuito.|https://dadosabertos.camara.leg.br/api/v2/proposicoes/2268779|||https://www.camara.leg.br/proposicoesWeb/prop_mostrarintegra?codteor=2228169|||
2345309|https://dadosabertos.camara.leg.br/api/v2/proposicoes/2345309|PL|139|3086|2022|Altera a Lei nº 9.394, de 20 de dezembro de 1996, a fim de considerar os gastos com uniforme escolar, alimentação escolar, atendimento médico e psicológico e oferta de equipamentos necessários ou facilitadores da aprendizagem, como manutenção e desenvolvimento do ensino.|2022-12-22T16:23||{'dataHora': '2023-03-21T00:00', 'sequencia': 16, 'siglaOrgao': 'CE', 'uriOrgao': 'https://dadosabertos.camara.leg.br/api/v2/orgaos/2009', 'uriUltimoRelator': None, 'regime': 'Ordinário (Art. 151, III, RICD)', 'descricaoTramitacao': 'Designação de Relator', 'codTipoTramitacao': '320', 'descricaoSituacao': 'Tramitando em Conjunto', 'codSituacao': 925, 'despacho': 'Designado Relator, Dep. Zeca Dirceu (PT-PR)', 'url': None, 'ambito': 'Protocolar', 'apreciacao': 'Proposição Sujeita à Apreciação Conclusiva pelas Comissões - Art. 24 II'}|https://dadosabertos.camara.leg.br/api/v2/proposicoes/2345309/autores|Projeto de Lei||Alteração, Lei de Diretrizes e Bases da Educação Nacional (1996), manutenção, desenvolvimento, ensino, despesa, uniforme escolar, Alimentação escolar, transporte escolar, Atendimento médico, Assistência psicológica, equipamento, facilitação, aprendizagem, aluno.|https://dadosabertos.camara.leg.br/api/v2/proposicoes/1212477|||https://www.camara.leg.br/proposicoesWeb/prop_mostrarintegra?codteor=2228171|||
2345314|https://dadosabertos.camara.leg.br/api/v2/proposicoes/2345314|PL|139|3088|2022|Cria o programa de gestão de utilização do espaço público em postes de transposição de energia elétrica, rede telefônica, redes de internet, TV a Cabo e demais dos meios de telecomunicações, dispõe, ainda, sobre a obrigatoriedade da empresa concessionária em promover a regularização e a retirada dos fios inutilizados, em vias/espaços públicos.|2022-12-22T17:35||{'dataHora': '2023-03-28T19:57', 'sequencia': 15, 'siglaOrgao': 'MESA', 'uriOrgao': 'https://dadosabertos.camara.leg.br/api/v2/orgaos/4', 'uriUltimoRelator': None, 'regime': 'Ordinário (Art. 151, III, RICD)', 'descricaoTramitacao': 'Notificação de Apensação', 'codTipoTramitacao': '504', 'descricaoSituacao': 'Aguardando Designação de Relator', 'codSituacao': 907, 'despacho': 'Apense-se a este(a) o(a) PL-288/2023.', 'url': 'https://www.camara.leg.br/proposicoesWeb/prop_mostrarintegra?codteor=2239722', 'ambito': 'Regimental', 'apreciacao': 'Proposição Sujeita à Apreciação Conclusiva pelas Comissões - Art. 24 II'}|https://dadosabertos.camara.leg.br/api/v2/proposicoes/2345314/autores|Projeto de Lei||Diretrizes, Concessionário (administração pública), Iluminação pública, Serviços de telecomunicações, gestão, infraestrutura, compartilhamento, Poste de iluminação pública, espaço público, concordância, Associação Brasileira de Normas Técnicas (ABNT).||||https://www.camara.leg.br/proposicoesWeb/prop_mostrarintegra?codteor=2228184|||
2345319|https://dadosabertos.camara.leg.br/api/v2/proposicoes/2345319|PL|139|3089|2022|Dispõe sobre a obrigatoriedade da disponibilização de capacetes para trabalhadores de aplicativos de entrega|2022-12-22T17:43||{'dataHora': '2023-03-16T09:59', 'sequencia': 15, 'siglaOrgao': 'CDE', 'uriOrgao': 'https://dadosabertos.camara.leg.br/api/v2/orgaos/2008', 'uriUltimoRelator': None, 'regime': 'Ordinário (Art. 151, III, RICD)', 'descricaoTramitacao': 'Apensação', 'codTipoTramitacao': '106', 'descricaoSituacao': 'Tramitando em Conjunto', 'codSituacao': 925, 'despacho': 'Apensação desta proposição ao PL 3554/2020.', 'url': None, 'ambito': 'Protocolar', 'apreciacao': 'Proposição Sujeita à Apreciação Conclusiva pelas Comissões - Art. 24 II'}|https://dadosabertos.camara.leg.br/api/v2/proposicoes/2345319/autores|Projeto de Lei||Obrigatoriedade, Aplicativo de entrega, disponibilização, Capacete de segurança, Entregador por aplicativo, motocicleta, bicicleta.|https://dadosabertos.camara.leg.br/api/v2/proposicoes/2256415|||https://www.camara.leg.br/proposicoesWeb/prop_mostrarintegra?codteor=2228189|||
2345320|https://dadosabertos.camara.leg.br/api/v2/proposicoes/2345320|PL|139|3090|2022|Cria os incisos II-A, II-B e II-C do art. 158-B e acresce os §§ 3º e 4º ao art. 158-C, do Decreto-Lei nº 3.689, de 3 de Outubro de 1941 – Código de Processo Penal, que tratam da cadeia de custódia.|2022-12-22T17:47||{'dataHora': '2023-03-15T00:00', 'sequencia': 13, 'siglaOrgao': 'CCP', 'uriOrgao': 'https://dadosabertos.camara.leg.br/api/v2/orgaos/186', 'uriUltimoRelator': None, 'regime': 'Especial', 'descricaoTramitacao': 'Publicação de Proposição', 'codTipoTramitacao': '604', 'descricaoSituacao': 'Tramitando em Conjunto', 'codSituacao': 925, 'despacho': 'Encaminhada à publicação. Publicação Inicial em avulso e no DCD de 16/03/2023.', 'url': None, 'ambito': 'Regimental', 'apreciacao': 'Proposição Sujeita à Apreciação do Plenário'}|https://dadosabertos.camara.leg.br/api/v2/proposicoes/2345320/autores|Projeto de Lei||Alteração, Código de Processo Penal, critério, demarcação, Lugar do crime, cadeia de custódia, rastreamento, vestígio, Agente de polícia, ausência, Perito criminal.|https://dadosabertos.camara.leg.br/api/v2/proposicoes/2237877|||https://www.camara.leg.br/proposicoesWeb/prop_mostrarintegra?codteor=2228190|||
2345321|https://dadosabertos.camara.leg.br/api/v2/proposicoes/2345321|PL|139|3091|2022|Dispõe sobre a obrigatoriedade da realização de sessão de cinema adaptada a pessoas com transtorno de espectro autista (TEA), em âmbito Federal.|2022-12-22T17:49||{'dataHora': '2023-03-15T17:41', 'sequencia': 14, 'siglaOrgao': 'CCULT', 'uriOrgao': 'https://dadosabertos.camara.leg.br/api/v2/orgaos/536996', 'uriUltimoRelator': None, 'regime': 'Ordinário (Art. 151, III, RICD)', 'descricaoTramitacao': 'Recebimento', 'codTipoTramitacao': '500', 'descricaoSituacao': 'Aguardando Designação de Relator', 'codSituacao': 907, 'despacho': 'Recebimento pela CCULT.', 'url': None, 'ambito': 'Regimental', 'apreciacao': 'Proposição Sujeita à Apreciação Conclusiva pelas Comissões - Art. 24 II'}|https://dadosabertos.camara.leg.br/api/v2/proposicoes/2345321/autores|Projeto de Lei||Obrigatoriedade, Sala de cinema, reserva, exibição, filme, Pessoa com transtorno do espectro autista.||||https://www.camara.leg.br/proposicoesWeb/prop_mostrarintegra?codteor=2228191|||
2345322|https://dadosabertos.camara.leg.br/api/v2/proposicoes/2345322|PL|139|3092|2022|Dispõe sobre a disponibilização e identificação de brinquedos adaptados para crianças com deficiência ou com mobilidade reduzida em espaços públicos.|2022-12-22T17:53||{'dataHora': '2023-03-15T20:28', 'sequencia': 15, 'siglaOrgao': 'CSAUDE', 'uriOrgao': 'https://dadosabertos.camara.leg.br/api/v2/orgaos/2014', 'uriUltimoRelator': None, 'regime': 'Ordinário (Art. 151, III, RICD)', 'descricaoTramitacao': 'Apensação', 'codTipoTramitacao': '106', 'descricaoSituacao': 'Tramitando em Conjunto', 'codSituacao': 925, 'despacho': 'Apensação desta proposição ao PL 4717/2019.', 'url': None, 'ambito': 'Protocolar', 'apreciacao': 'Proposição Sujeita à Apreciação Conclusiva pelas Comissões - Art. 24 II'}|https://dadosabertos.camara.leg.br/api/v2/proposicoes/2345322/autores|Projeto de Lei||Obrigatoriedade, Parque infantil, Espaço recreativo infantil, Local público, adaptação, identificação, brinquedo, criança, pessoa com deficiência, Pessoa com mobilidade reduzida.|https://dadosabertos.camara.leg.br/api/v2/proposicoes/2217402|||https://www.camara.leg.br/proposicoesWeb/prop_mostrarintegra?codteor=2228192|||
2345324|https://dadosabertos.camara.leg.br/api/v2/proposicoes/2345324|PL|139|3093|2022|Altera a Lei no 10.406, de 10 de janeiro de 2002 (Código Civil), para dar nova redação aos seus artigos 108 e 1.793.|2022-12-22T18:05||{'dataHora': '2023-03-23T14:49', 'sequencia': 15, 'siglaOrgao': 'CCJC', 'uriOrgao': 'https://dadosabertos.camara.leg.br/api/v2/orgaos/2003', 'uriUltimoRelator': None, 'regime': 'Ordinário (Art. 151, III, RICD)', 'descricaoTramitacao': 'Apensação', 'codTipoTramitacao': '106', 'descricaoSituacao': 'Tramitando em Conjunto', 'codSituacao': 925, 'despacho': 'Apensação desta proposição ao PL 4289/2021.', 'url': None, 'ambito': 'Protocolar', 'apreciacao': 'Proposição Sujeita à Apreciação Conclusiva pelas Comissões - Art. 24 II'}|https://dadosabertos.camara.leg.br/api/v2/proposicoes/2345324/autores|Projeto de Lei||Alteração, Código Civil (2002), aumento, Valor de referência, imóvel, negócio jurídico, exigência, escritura pública. _ Possibilidade, Instrumento particular, cessão, Coerdeiro, Sucessão aberta.|https://dadosabertos.camara.leg.br/api/v2/proposicoes/2310359|||https://www.camara.leg.br/proposicoesWeb/prop_mostrarintegra?codteor=2228223|||
2345329|https://dadosabertos.camara.leg.br/api/v2/proposicoes/2345329|PL|139|3094|2022|Altera a Lei Federal nº 1.802 de 1953, que define os crimes contra o Estado e a Ordem Política e Social, para tipificar os crimes de doutrinação totalitária e implantação de tirania.|2022-12-22T18:37||{'dataHora': '2023-03-17T17:12', 'sequencia': 14, 'siglaOrgao': 'CCJC', 'uriOrgao': 'https://dadosabertos.camara.leg.br/api/v2/orgaos/2003', 'uriUltimoRelator': None, 'regime': 'Ordinário (Art. 151, III, RICD)', 'descricaoTramitacao': 'Recebimento', 'codTipoTramitacao': '500', 'descricaoSituacao': 'Aguardando Designação de Relator', 'codSituacao': 907, 'despacho': 'Recebimento pela CCJC.', 'url': None, 'ambito': 'Regimental', 'apreciacao': 'Proposição Sujeita à Apreciação do Plenário'}|https://dadosabertos.camara.leg.br/api/v2/proposicoes/2345329/autores|Projeto de Lei||Alteração, Lei Federal, Crime contra o Estado, Crime contra a ordem política e social, Proselitismo, incentivo, implantação, Totalitarismo.||||https://www.camara.leg.br/proposicoesWeb/prop_mostrarintegra?codteor=2228237|||
2345330|https://dadosabertos.camara.leg.br/api/v2/proposicoes/2345330|PL|139|3095|2022|Altera a Lei nº 6.894, de 16 de dezembro de 1980, que dispõe sobre a inspeção e a fiscalização da produção e do comércio de fertilizantes, corretivos, inoculantes, estimulantes ou biofertilizantes, remineralizadores e substratos para plantas, destinados à agricultura, e dá outras providências.|2022-12-22T18:39||{'dataHora': '2023-03-16T00:00', 'sequencia': 14, 'siglaOrgao': 'CCP', 'uriOrgao': 'https://dadosabertos.camara.leg.br/api/v2/orgaos/186', 'uriUltimoRelator': None, 'regime': 'Ordinário (Art. 151, III, RICD)', 'descricaoTramitacao': 'Publicação de Proposição', 'codTipoTramitacao': '604', 'descricaoSituacao': 'Aguardando Designação de Relator', 'codSituacao': 907, 'despacho': 'Encaminhada à publicação. Publicação Inicial em avulso e no DCD de 17/03/2023.', 'url': None, 'ambito': 'Regimental', 'apreciacao': 'Proposição Sujeita à Apreciação Conclusiva pelas Comissões - Art. 24 II'}|https://dadosabertos.camara.leg.br/api/v2/proposicoes/2345330/autores|Projeto de Lei||Alteração, Lei Federal, critério, inclusão, sódio, fertilizante, agricultura.||||https://www.camara.leg.br/proposicoesWeb/prop_mostrarintegra?codteor=2228238|||
2345331|https://dadosabertos.camara.leg.br/api/v2/proposicoes/2345331|PL|139|3096|2022|Concede incentivo fiscal do Imposto de Renda da Pessoa Jurídica na contratação de jovens aprendizes, nas condições que especifica.|2022-12-22T18:40||{'dataHora': '2023-03-16T00:00', 'sequencia': 13, 'siglaOrgao': 'CCP', 'uriOrgao': 'https://dadosabertos.camara.leg.br/api/v2/orgaos/186', 'uriUltimoRelator': None, 'regime': 'Ordinário (Art. 151, III, RICD)', 'descricaoTramitacao': 'Publicação de Proposição', 'codTipoTramitacao': '604', 'descricaoSituacao': 'Tramitando em Conjunto', 'codSituacao': 925, 'despacho': 'Encaminhada à publicação. Publicação Inicial em avulso e no DCD de 17/03/2023.', 'url': None, 'ambito': 'Regimental', 'apreciacao': 'Proposição Sujeita à Apreciação Conclusiva pelas Comissões - Art. 24 II'}|https://dadosabertos.camara.leg.br/api/v2/proposicoes/2345331/autores|Projeto de Lei||Critério, Pessoa jurídica, tributação, lucro real, Dedução tributária em dobro, despesa, contratação, jovem aprendiz. Imposto de Renda das Pessoas Jurídicas (IRPJ).|https://dadosabertos.camara.leg.br/api/v2/proposicoes/2343070|||https://www.camara.leg.br/proposicoesWeb/prop_mostrarintegra?codteor=2228239|||
2345332|https://dadosabertos.camara.leg.br/api/v2/proposicoes/2345332|PL|139|3097|2022|Altera a redação do artigo 28 da Lei nº 8.906, de 4 de julho de 1994.|2022-12-22T18:40||{'dataHora': '2023-03-16T00:00', 'sequencia': 13, 'siglaOrgao': 'CCP', 'uriOrgao': 'https://dadosabertos.camara.leg.br/api/v2/orgaos/186', 'uriUltimoRelator': None, 'regime': 'Prioridade (Art. 151, II, RICD)', 'descricaoTramitacao': 'Publicação de Proposição', 'codTipoTramitacao': '604', 'descricaoSituacao': 'Tramitando em Conjunto', 'codSituacao': 925, 'despacho': 'Encaminhada à publicação. Publicação Inicial em avulso e no DCD de 17/03/2023.', 'url': None, 'ambito': 'Regimental', 'apreciacao': 'Proposição Sujeita à Apreciação do Plenário'}|https://dadosabertos.camara.leg.br/api/v2/proposicoes/2345332/autores|Projeto de Lei||Alteração, Estatuto da OAB, critério, autorização, exercício profissional, advocacia, Agente de trânsito, Guarda municipal.|https://dadosabertos.camara.leg.br/api/v2/proposicoes/2092915|||https://www.camara.leg.br/proposicoesWeb/prop_mostrarintegra?codteor=2228240|||
2345335|https://dadosabertos.camara.leg.br/api/v2/proposicoes/2345335|PL|139|3098|2022|Regula o art. 49, incisos V e XI, da Constituição, para dispor sobre a prerrogativa do Congresso Nacional para sustar atos que exorbitem a competência do órgão.|2022-12-22T20:22||{'dataHora': '2023-03-27T00:00', 'sequencia': 12, 'siglaOrgao': 'CCP', 'uriOrgao': 'https://dadosabertos.camara.leg.br/api/v2/orgaos/186', 'uriUltimoRelator': None, 'regime': '.', 'descricaoTramitacao': 'Publicação de Proposição', 'codTipoTramitacao': '604', 'descricaoSituacao': None, 'codSituacao': None, 'despacho': 'Encaminhada à publicação. Publicação Inicial no DCD de 28/03/2023.', 'url': None, 'ambito': 'Regimental', 'apreciacao': 'Indefinida'}|https://dadosabertos.camara.leg.br/api/v2/proposicoes/2345335/autores|Projeto de Lei||Regulamentação, Constituição Federal (1988), Competência exclusiva, Congresso Nacional, sustação, Ato normativo, Poder Executivo, Poder Judiciário, Ministério público, Tribunal de contas, Usurpação de competência, Delegação legislativa.||||https://www.camara.leg.br/proposicoesWeb/prop_mostrarintegra?codteor=2228252|||
2345346|https://dadosabertos.camara.leg.br/api/v2/proposicoes/2345346|PL|139|3099|2022|Dispõe sobre a transparência nos gastos públicos com viagens, cria o Portal de Solicitações de Viagens e dá outras providências.|2022-12-22T21:57||{'dataHora': '2023-03-16T00:00', 'sequencia': 13, 'siglaOrgao': 'CCP', 'uriOrgao': 'https://dadosabertos.camara.leg.br/api/v2/orgaos/186', 'uriUltimoRelator': None, 'regime': 'Prioridade (Art. 151, II, RICD)', 'descricaoTramitacao': 'Publicação de Proposição', 'codTipoTramitacao': '604', 'descricaoSituacao': 'Tramitando em Conjunto', 'codSituacao': 925, 'despacho': 'Encaminhada à publicação. Publicação Inicial em avulso e no DCD de 17/03/2023.', 'url': None, 'ambito': 'Regimental', 'apreciacao': 'Proposição Sujeita à Apreciação do Plenário'}|https://dadosabertos.camara.leg.br/api/v2/proposicoes/2345346/autores|Projeto de Lei|Altera a Lei nº 12.527 de 2011.|Critério, Administração pública, procedimento, viagem, agente público, custeio, recursos públicos, transparência pública. _ Alteração, Lei de Acesso à Informação, obrigatoriedade, órgão público, Relatório (documento administrativo), prestação de contas, viagem, agente público.|https://dadosabertos.camara.leg.br/api/v2/proposicoes/431844|||https://www.camara.leg.br/proposicoesWeb/prop_mostrarintegra?codteor=2228267|||
2345482|https://dadosabertos.camara.leg.br/api/v2/proposicoes/2345482|PL|139|3102|2022|Altera a Lei nº 8.691, de 28 de julho de 1993, que dispõe sobre o Plano de Carreiras para a área de Ciência e Tecnologia da Administração Federal Direta, das Autarquias e das Fundações Federais.|2022-12-30T11:29|https://dadosabertos.camara.leg.br/api/v2/orgaos/180|{'dataHora': '2023-03-28T08:39', 'sequencia': 16, 'siglaOrgao': 'CCTI', 'uriOrgao': 'https://dadosabertos.camara.leg.br/api/v2/orgaos/2002', 'uriUltimoRelator': None, 'regime': 'Prioridade (Art. 151, II, RICD)', 'descricaoTramitacao': 'Recebimento', 'codTipoTramitacao': '500', 'descricaoSituacao': 'Aguardando Designação de Relator', 'codSituacao': 907, 'despacho': 'Recebimento pela CCTI.', 'url': None, 'ambito': 'Regimental', 'apreciacao': 'Proposição Sujeita à Apreciação Conclusiva pelas Comissões - Art. 24 II'}|https://dadosabertos.camara.leg.br/api/v2/proposicoes/2345482/autores|Projeto de Lei||Alteração, Lei Federal, inclusão, Centro Tecnológico da Marinha no Rio de Janeiro (CTMRJ), Comando da Marinha (Commar), Instituto Nacional de Tecnologia da Informação (ITI), Plano de cargos, carreiras e salários, Administração Pública. _ Desburocratização, criação, transformação, cisão, Entidade, Órgão público, Ciência e tecnologia.||||https://www.camara.leg.br/proposicoesWeb/prop_mostrarintegra?codteor=2228696|||
2345499|https://dadosabertos.camara.leg.br/api/v2/proposicoes/2345499|PL|139|1604|2022|Altera a Lei nº 11.340, de 7 de agosto de 2006 (Lei Maria da Penha), para dispor sobre as medidas protetivas de urgência e estabelecer que a causa ou a motivação dos atos de violência e a condição do ofensor ou da ofendida não excluem a aplicação da Lei.|2023-01-03T12:55|https://dadosabertos.camara.leg.br/api/v2/orgaos/4|{'dataHora': '2023-03-29T00:00', 'sequencia': 61, 'siglaOrgao': 'MESA', 'uriOrgao': 'https://dadosabertos.camara.leg.br/api/v2/orgaos/4', 'uriUltimoRelator': 'https://dadosabertos.camara.leg.br/api/v2/deputados/74848', 'regime': 'Urgência (Art. 155, RICD)', 'descricaoTramitacao': 'Apresentação de Proposição', 'codTipoTramitacao': '100', 'descricaoSituacao': 'Aguardando Sanção', 'codSituacao': 1150, 'despacho': 'Remessa do Ofício nº 33/2023/PS-GSE ao Senado Federal, comunicando envio de novos autógrafos à sanção.', 'url': 'https://www.camara.leg.br/proposicoesWeb/prop_mostrarintegra?codteor=2252049', 'ambito': 'Regimental', 'apreciacao': 'Proposição Sujeita à Apreciação Conclusiva pelas Comissões - Art. 24 II'}|https://dadosabertos.camara.leg.br/api/v2/proposicoes/2345499/autores|Projeto de Lei||Alteração, Lei Maria da Penha, critério, concessão, Medida protetiva de urgência, mulher, vítima, violência doméstica.||||https://www.camara.leg.br/proposicoesWeb/prop_mostrarintegra?codteor=2228740|||
